{
  "categories": [
    {
      "name": "outdoor_water",
      "score": 0.9921875,
      "detail": {
        "landmarks": []
      }
    }
  ],
  "color": {
    "dominantColorForeground": "Grey",
    "dominantColorBackground": "Green",
    "dominantColors": [
      "Grey",
      "Green"
    ],
    "accentColor": "4D5E2F",
    "isBwImg": false,
    "isBWImg": false
  },
  "description": {
    "tags": [
      "nature",
      "water",
      "waterfall",
      "outdoor",
      "rock",
      "mountain",
      "rocky",
      "grass",
      "hill",
      "covered",
      "hillside",
      "standing",
      "side",
      "group",
      "walking",
      "white",
      "man",
      "large",
      "snow",
      "grazing",
      "forest",
      "slope",
      "herd",
      "river",
      "giraffe",
      "field"
    ],
    "captions": [
      {
        "text": "a large waterfall over a rocky cliff",
        "confidence": 0.9164583584061123
      }
    ]
  },
  "requestId": "bc09e80c-360f-427e-9fde-a73d78db53dc",
  "metadata": {
    "width": 1280,
    "height": 959,
    "format": "Jpeg"
  }
}